{"Mg": {"Z": 12, "Mass": 24.305, "IonisationEnergy": [7.646236, 15.035277]}, "Na": {"Z": 11, "Mass": 22.989769, "IonisationEnergy": [5.13907696, 47.28636]}, "K": {"Z": 19, "Mass": 39.0983, "IonisationEnergy": [4.34066373, 31.625]}, "Cu": {"Z": 29, "Mass": 63.5, "IonisationEnergy": [7.72638, 20.29239]}, "Cr": {"Z": 24, "Mass": 51.9961, "IonisationEnergy": [6.76651, 16.48305]}, "Mn": {"Z": 25, "Mass": 54.938044, "IonisationEnergy": [7.434038, 15.63999]}, "Fe": {"Z": 26, "Mass": 55.845, "IonisationEnergy": [7.9024681, 16.19921]}, "Zn": {"Z": 30, "Mass": 65.38, "IonisationEnergy": [9.394197, 17.96439]}, "Ti": {"Z": 22, "Mass": 47.867, "IonisationEnergy": [6.82812, 13.5755]}, "Ca": {"Z": 20, "Mass": 40.078, "IonisationEnergy": [6.11315547, 11.87171]}, "Si": {"Z": 14, "Mass": 28.0855, "IonisationEnergy": [8.15168, 16.34585]}, "H": {"Z": 1, "Mass": 1.00784, "IonisationEnergy": [13.598434, 0.0]}, "Al": {"Z": 13, "Mass": 28.981539, "IonisationEnergy": [5.985769, 18.82855]}}